[
	{
		"baseType": {
			"attachBehaviour": [
				{
					"id": "craftingblock",
					"npcType": "Noose.lanternmaker",
					"timeBetweenHauls": 40,
					"toolset": "notool"
				}
			],
			"categories": [
				"job"
			],
			"icon": "./textures/icons/lanternmaker.png",
			"needsBase": true,
			"onPlaceAudio": "woodPlace",
			"onRemoveAudio": "woodDeleteLight",
			"pathingImpact": "AsUntouchableSolid",
			"sideall": "coatedplanks",
			"sidey+": "lanternmaker"
		},
		"generateType": "rotateBlock",
		"typeName": "lanternmaker"
	}
]
