{
  //--BRIGHT--
  "lanternblue_bright": {
    "categories": [
      "lights",
	"aa_bluelantern",
      "lantern"
    ],
    "color": "#4f5fff",
    "customData": {
      "torches": {
        "merged": {
          "color": "#4f5fff",
          "intensity": 18.75,
          "range": 16,
          "volume": 0.5
        }
      }
    },
    "icon": "./textures/icons/lanternblue.png",
    "maxStackSize": 200,
    "onPlaceAudio": "woodPlace",
    "onRemoveAudio": "woodDeleteLight",
    "sideall": "lantern"
  },
  //--DIM--
  "lanternblue_dim": {
    "categories": [
      "lights",
	"ac_bluelantern",
      "lantern"
    ],
    "color": "#4f5fff",
    "customData": {
      "torches": {
        "merged": {
          "color": "#4f5fff",
          "intensity": 6.25,
          "range": 16,
          "volume": 0.5
        }
      }
    },
    "icon": "./textures/icons/lanternblue.png",
    "maxStackSize": 200,
    "onPlaceAudio": "woodPlace",
    "onRemoveAudio": "woodDeleteLight",
    "sideall": "lantern"
  },
  "lanterncyan_bright": {
    "categories": [
      "lights",
	"ba_cyanlantern",
      "lantern"
    ],
    "color": "#3bc1bf",
    "customData": {
      "torches": {
        "merged": {
          "color": "#3bc1bf",
          "intensity": 18.75,
          "range": 16,
          "volume": 0.5
        }
      }
    },
    "icon": "./textures/icons/lanterncyan.png",
    "maxStackSize": 200,
    "onPlaceAudio": "woodPlace",
    "onRemoveAudio": "woodDeleteLight",
    "sideall": "lantern"
  },
  "lanterncyan_dim": {
    "categories": [
      "lights",
	"bc_cyanlantern",
      "lantern"
    ],
    "color": "#3bc1bf",
    "customData": {
      "torches": {
        "merged": {
          "color": "#3bc1bf",
          "intensity": 6.25,
          "range": 16,
          "volume": 0.5
        }
      }
    },
    "icon": "./textures/icons/lanterncyan.png",
    "maxStackSize": 200,
    "onPlaceAudio": "woodPlace",
    "onRemoveAudio": "woodDeleteLight",
    "sideall": "lantern"
  },
  "lanterngreen_bright": {
    "categories": [
      "lights",
	"ca_greenlantern",
      "lantern"
    ],
    "color": "#56ad4a",
    "customData": {
      "torches": {
        "merged": {
          "color": "#56ad4a",
          "intensity": 18.75,
          "range": 16,
          "volume": 0.5
        }
      }
    },
    "icon": "./textures/icons/lanterngreen.png",
    "maxStackSize": 200,
    "onPlaceAudio": "woodPlace",
    "onRemoveAudio": "woodDeleteLight",
    "sideall": "lantern"
  },
  "lanterngreen_dim": {
    "categories": [
      "lights",
	"cc_greenlantern",
      "lantern"
    ],
    "color": "#56ad4a",
    "customData": {
      "torches": {
        "merged": {
          "color": "#56ad4a",
          "intensity": 6.25,
          "range": 16,
          "volume": 0.5
        }
      }
    },
    "icon": "./textures/icons/lanterngreen.png",
    "maxStackSize": 200,
    "onPlaceAudio": "woodPlace",
    "onRemoveAudio": "woodDeleteLight",
    "sideall": "lantern"
  },
  "lanternorange_bright": {
    "categories": [
      "lights",
	"da_orangelantern",
      "lantern"
    ],
    "color": "#e66f27",
    "customData": {
      "torches": {
        "merged": {
          "color": "#e66f27",
          "intensity": 18.75,
          "range": 16,
          "volume": 0.5
        }
      }
    },
    "icon": "./textures/icons/lanternorange.png",
    "maxStackSize": 200,
    "onPlaceAudio": "woodPlace",
    "onRemoveAudio": "woodDeleteLight",
    "sideall": "lantern"
  },
  "lanternorange_dim": {
    "categories": [
      "lights",
	"dc_orangelantern",
      "lantern"
    ],
    "color": "#e66f27",
    "customData": {
      "torches": {
        "merged": {
          "color": "#e66f27",
          "intensity": 6.25,
          "range": 16,
          "volume": 0.5
        }
      }
    },
    "icon": "./textures/icons/lanternorange.png",
    "maxStackSize": 200,
    "onPlaceAudio": "woodPlace",
    "onRemoveAudio": "woodDeleteLight",
    "sideall": "lantern"
  },
  "lanternpink_bright": {
    "categories": [
      "lights",
	"ea_pinklantern",
      "lantern"
    ],
    "color": "#d233a6",
    "customData": {
      "torches": {
        "merged": {
          "color": "#d233a6",
          "intensity": 18.75,
          "range": 16,
          "volume": 0.5
        }
      }
    },
    "icon": "./textures/icons/lanternpink.png",
    "maxStackSize": 200,
    "onPlaceAudio": "woodPlace",
    "onRemoveAudio": "woodDeleteLight",
    "sideall": "lantern"
  },
  "lanternpink_dim": {
    "categories": [
      "lights",
	"ec_pinklantern",
      "lantern"
    ],
    "color": "#d233a6",
    "customData": {
      "torches": {
        "merged": {
          "color": "#d233a6",
          "intensity": 6.25,
          "range": 16,
          "volume": 0.5
        }
      }
    },
    "icon": "./textures/icons/lanternpink.png",
    "maxStackSize": 200,
    "onPlaceAudio": "woodPlace",
    "onRemoveAudio": "woodDeleteLight",
    "sideall": "lantern"
  },
  "lanternred_bright": {
    "categories": [
      "lights",
	"fa_redlantern",
      "lantern"
    ],
    "color": "#d33030",
    "customData": {
      "torches": {
        "merged": {
          "color": "#d33030",
          "intensity": 18.75,
          "range": 16,
          "volume": 0.5
        }
      }
    },
    "icon": "./textures/icons/lanternred.png",
    "maxStackSize": 200,
    "onPlaceAudio": "woodPlace",
    "onRemoveAudio": "woodDeleteLight",
    "sideall": "lantern"
  },
  "lanternred_dim": {
    "categories": [
      "lights",
	"fc_redlantern",
      "lantern"
    ],
    "color": "#d33030",
    "customData": {
      "torches": {
        "merged": {
          "color": "#d33030",
          "intensity": 6.25,
          "range": 16,
          "volume": 0.5
        }
      }
    },
    "icon": "./textures/icons/lanternred.png",
    "maxStackSize": 200,
    "onPlaceAudio": "woodPlace",
    "onRemoveAudio": "woodDeleteLight",
    "sideall": "lantern"
  },
  "lanternwhite_bright": {
    "categories": [
      "lights",
	"ga_whitelantern",
      "lantern"
    ],
    "color": "#a7a7a7",
    "customData": {
      "torches": {
        "merged": {
          "color": "#a7a7a7",
          "intensity": 18.75,
          "range": 16,
          "volume": 0.5
        }
      }
    },
    "icon": "./textures/icons/lanternwhite.png",
    "maxStackSize": 200,
    "onPlaceAudio": "woodPlace",
    "onRemoveAudio": "woodDeleteLight",
    "sideall": "lantern"
  },
  "lanternwhite_dim": {
    "categories": [
      "lights",
	"gc_whitelantern",
      "lantern"
    ],
    "color": "#a7a7a7",
    "customData": {
      "torches": {
        "merged": {
          "color": "#a7a7a7",
          "intensity": 6.25,
          "range": 16,
          "volume": 0.5
        }
      }
    },
    "icon": "./textures/icons/lanternwhite.png",
    "maxStackSize": 200,
    "onPlaceAudio": "woodPlace",
    "onRemoveAudio": "woodDeleteLight",
    "sideall": "lantern"
  },
  "lanternyellow_bright": {
    "categories": [
      "lights",
	"ha_yellowlantern",
      "lantern"
    ],
    "color": "#997b45",
    "customData": {
      "torches": {
        "merged": {
          "color": "#997b45",
          "intensity": 18.75,
          "range": 16,
          "volume": 0.5
        }
      }
    },
    "icon": "./textures/icons/lanternyellow.png",
    "maxStackSize": 25,
    "onPlaceAudio": "woodPlace",
    "onRemoveAudio": "woodDeleteLight",
    "sideall": "lantern"
  },
  "lanternyellow_dim": {
    "categories": [
      "lights",
	"hc_yellowlantern",
      "lantern"
    ],
    "color": "#997b45",
    "customData": {
      "torches": {
        "merged": {
          "color": "#997b45",
          "intensity": 6.25,
          "range": 16,
          "volume": 0.5
        }
      }
    },
    "icon": "./textures/icons/lanternyellow.png",
    "maxStackSize": 25,
    "onPlaceAudio": "woodPlace",
    "onRemoveAudio": "woodDeleteLight",
    "sideall": "lantern"
  }
}